Period,Payment Date,DF,Coupon_EUR,PV_EUR
7,2026-03-12,0.99288,13.625,13.528
8,2026-06-12,0.987299,13.625,13.452
9,2026-09-14,0.98207,13.928,13.678
10,2026-12-14,0.977068,13.625,13.3126
11,2027-03-12,0.972161,13.322,12.9513
12,2027-06-14,0.966883,13.928,13.4665
13,2027-09-13,0.961661,13.474,12.957
14,2027-12-13,0.9564,13.625,13.0309
15,2028-03-13,0.951075,13.625,12.9584
16,2028-06-12,0.945723,13.474,12.7423
17,2028-09-12,0.940284,13.625,12.8114
18,2028-12-12,0.934764,13.625,12.7362
19,2029-03-12,0.929072,13.625,12.6586
20,2029-06-12,0.923184,13.625,12.5784
21,2029-09-12,0.91723,13.625,12.4973
22,2029-12-12,0.911347,13.625,12.4171
23,2030-03-12,0.905597,13.625,12.3388
24,2030-06-12,0.899677,13.625,12.2581
25,2030-09-12,0.893717,13.625,12.1769
26,2030-12-12,0.887793,13.625,12.0962
27,2031-03-12,0.881914,13.625,12.0161
28,2031-06-12,0.875869,13.625,11.9337
29,2031-09-12,0.869792,13.625,11.8509
30,2031-12-12,0.863757,13.625,11.7687
31,2032-03-12,0.857706,13.625,11.6863
32,2032-06-14,0.851428,13.928,11.8585
33,2032-09-13,0.845323,13.474,11.3895
34,2032-12-13,0.839212,13.625,11.4343
35,2033-03-14,0.833109,13.776,11.4772
36,2033-06-13,0.826987,13.474,11.1425
37,2033-09-12,0.820846,13.474,11.0598
38,2033-12-12,0.814696,13.625,11.1002
39,2034-03-13,0.808544,13.776,11.1388
40,2034-06-12,0.802378,13.474,10.8109
